date_key,year_day,year_week,year_month,year_quarter,day_of_month_no,is_week_day,day_name_full,day_name_short,month_name_full,month_name_short,month_no,week_no,quarter_no,year_no,century_no,first_day_of_week,first_day_of_month,first_day_of_quarter,first_day_of_year,last_day_of_week,last_day_of_month,last_day_of_quarter,last_day_of_year,last_working_day_of_month,last_working_day_of_quarter,last_working_day_of_year,most_recent_working_day,day_of_week_no,day_of_quarter_no,day_of_year_no,year_no_cumulative,quarter_no_cumulative,month_no_cumulative,week_no_cumulative,day_no_cumulative,lunar_uk_is_full_moon,lunar_uk_is_total_eclipse,lunar_uk_is_partial_eclipse,is_uk_holiday,uk_holiday_name,meta_process_time
2021-12-01,2021D335,2021W48,2021M12,2021Q4,1,1,Wednesday,Wed,December,Dec,12,48,4,2021,20,2021-11-29,2021-12-01,2021-10-01,2021-10-01,2021-12-05,2021-12-31,2021-12-31,2021-12-31,2021-12-31,2021-12-31,2021-12-31,2021-12-01,3,62,335,121,487,1463,6361,44529,0,0,0,0,,2022-08-29 09:01:26.503255 UTC
2021-12-02,2021D336,2021W48,2021M12,2021Q4,2,1,Thursday,Thu,December,Dec,12,48,4,2021,20,2021-11-29,2021-12-01,2021-10-01,2021-10-01,2021-12-05,2021-12-31,2021-12-31,2021-12-31,2021-12-31,2021-12-31,2021-12-31,2021-12-02,4,63,336,121,487,1463,6361,44530,0,0,0,0,,2022-08-29 09:01:26.503255 UTC
2021-12-03,2021D337,2021W48,2021M12,2021Q4,3,1,Friday,Fri,December,Dec,12,48,4,2021,20,2021-11-29,2021-12-01,2021-10-01,2021-10-01,2021-12-05,2021-12-31,2021-12-31,2021-12-31,2021-12-31,2021-12-31,2021-12-31,2021-12-03,5,64,337,121,487,1463,6361,44531,0,0,0,0,,2022-08-29 09:01:26.503255 UTC
2021-12-04,2021D338,2021W48,2021M12,2021Q4,4,0,Saturday,Sat,December,Dec,12,48,4,2021,20,2021-11-29,2021-12-01,2021-10-01,2021-10-01,2021-12-05,2021-12-31,2021-12-31,2021-12-31,2021-12-31,2021-12-31,2021-12-31,2021-12-03,6,65,338,121,487,1463,6361,44532,0,0,0,0,,2022-08-29 09:01:26.503255 UTC
2021-12-05,2021D339,2021W48,2021M12,2021Q4,5,0,Sunday,Sun,December,Dec,12,48,4,2021,20,2021-11-29,2021-12-01,2021-10-01,2021-10-01,2021-12-05,2021-12-31,2021-12-31,2021-12-31,2021-12-31,2021-12-31,2021-12-31,2021-12-03,7,66,339,121,487,1463,6361,44533,0,0,0,0,,2022-08-29 09:01:26.503255 UTC
2021-12-06,2021D340,2021W49,2021M12,2021Q4,6,1,Monday,Mon,December,Dec,12,49,4,2021,20,2021-12-06,2021-12-01,2021-10-01,2021-10-01,2021-12-12,2021-12-31,2021-12-31,2021-12-31,2021-12-31,2021-12-31,2021-12-31,2021-12-06,1,67,340,121,487,1463,6362,44534,0,0,0,0,,2022-08-29 09:01:26.503255 UTC
2021-12-07,2021D341,2021W49,2021M12,2021Q4,7,1,Tuesday,Tue,December,Dec,12,49,4,2021,20,2021-12-06,2021-12-01,2021-10-01,2021-10-01,2021-12-12,2021-12-31,2021-12-31,2021-12-31,2021-12-31,2021-12-31,2021-12-31,2021-12-07,2,68,341,121,487,1463,6362,44535,0,0,0,0,,2022-08-29 09:01:26.503255 UTC
2021-12-08,2021D342,2021W49,2021M12,2021Q4,8,1,Wednesday,Wed,December,Dec,12,49,4,2021,20,2021-12-06,2021-12-01,2021-10-01,2021-10-01,2021-12-12,2021-12-31,2021-12-31,2021-12-31,2021-12-31,2021-12-31,2021-12-31,2021-12-08,3,69,342,121,487,1463,6362,44536,0,0,0,0,,2022-08-29 09:01:26.503255 UTC
2021-12-09,2021D343,2021W49,2021M12,2021Q4,9,1,Thursday,Thu,December,Dec,12,49,4,2021,20,2021-12-06,2021-12-01,2021-10-01,2021-10-01,2021-12-12,2021-12-31,2021-12-31,2021-12-31,2021-12-31,2021-12-31,2021-12-31,2021-12-09,4,70,343,121,487,1463,6362,44537,0,0,0,0,,2022-08-29 09:01:26.503255 UTC
2021-12-10,2021D344,2021W49,2021M12,2021Q4,10,1,Friday,Fri,December,Dec,12,49,4,2021,20,2021-12-06,2021-12-01,2021-10-01,2021-10-01,2021-12-12,2021-12-31,2021-12-31,2021-12-31,2021-12-31,2021-12-31,2021-12-31,2021-12-10,5,71,344,121,487,1463,6362,44538,0,0,0,0,,2022-08-29 09:01:26.503255 UTC
2021-12-11,2021D345,2021W49,2021M12,2021Q4,11,0,Saturday,Sat,December,Dec,12,49,4,2021,20,2021-12-06,2021-12-01,2021-10-01,2021-10-01,2021-12-12,2021-12-31,2021-12-31,2021-12-31,2021-12-31,2021-12-31,2021-12-31,2021-12-10,6,72,345,121,487,1463,6362,44539,0,0,0,0,,2022-08-29 09:01:26.503255 UTC
2021-12-12,2021D346,2021W49,2021M12,2021Q4,12,0,Sunday,Sun,December,Dec,12,49,4,2021,20,2021-12-06,2021-12-01,2021-10-01,2021-10-01,2021-12-12,2021-12-31,2021-12-31,2021-12-31,2021-12-31,2021-12-31,2021-12-31,2021-12-10,7,73,346,121,487,1463,6362,44540,0,0,0,0,,2022-08-29 09:01:26.503255 UTC
2021-12-13,2021D347,2021W50,2021M12,2021Q4,13,1,Monday,Mon,December,Dec,12,50,4,2021,20,2021-12-13,2021-12-01,2021-10-01,2021-10-01,2021-12-19,2021-12-31,2021-12-31,2021-12-31,2021-12-31,2021-12-31,2021-12-31,2021-12-13,1,74,347,121,487,1463,6363,44541,0,0,0,0,,2022-08-29 09:01:26.503255 UTC
2021-12-14,2021D348,2021W50,2021M12,2021Q4,14,1,Tuesday,Tue,December,Dec,12,50,4,2021,20,2021-12-13,2021-12-01,2021-10-01,2021-10-01,2021-12-19,2021-12-31,2021-12-31,2021-12-31,2021-12-31,2021-12-31,2021-12-31,2021-12-14,2,75,348,121,487,1463,6363,44542,0,0,0,0,,2022-08-29 09:01:26.503255 UTC
2021-12-15,2021D349,2021W50,2021M12,2021Q4,15,1,Wednesday,Wed,December,Dec,12,50,4,2021,20,2021-12-13,2021-12-01,2021-10-01,2021-10-01,2021-12-19,2021-12-31,2021-12-31,2021-12-31,2021-12-31,2021-12-31,2021-12-31,2021-12-15,3,76,349,121,487,1463,6363,44543,0,0,0,0,,2022-08-29 09:01:26.503255 UTC
2021-12-16,2021D350,2021W50,2021M12,2021Q4,16,1,Thursday,Thu,December,Dec,12,50,4,2021,20,2021-12-13,2021-12-01,2021-10-01,2021-10-01,2021-12-19,2021-12-31,2021-12-31,2021-12-31,2021-12-31,2021-12-31,2021-12-31,2021-12-16,4,77,350,121,487,1463,6363,44544,0,0,0,0,,2022-08-29 09:01:26.503255 UTC
2021-12-17,2021D351,2021W50,2021M12,2021Q4,17,1,Friday,Fri,December,Dec,12,50,4,2021,20,2021-12-13,2021-12-01,2021-10-01,2021-10-01,2021-12-19,2021-12-31,2021-12-31,2021-12-31,2021-12-31,2021-12-31,2021-12-31,2021-12-17,5,78,351,121,487,1463,6363,44545,0,0,0,0,,2022-08-29 09:01:26.503255 UTC
2021-12-18,2021D352,2021W50,2021M12,2021Q4,18,0,Saturday,Sat,December,Dec,12,50,4,2021,20,2021-12-13,2021-12-01,2021-10-01,2021-10-01,2021-12-19,2021-12-31,2021-12-31,2021-12-31,2021-12-31,2021-12-31,2021-12-31,2021-12-17,6,79,352,121,487,1463,6363,44546,0,0,0,0,,2022-08-29 09:01:26.503255 UTC
2021-12-19,2021D353,2021W50,2021M12,2021Q4,19,0,Sunday,Sun,December,Dec,12,50,4,2021,20,2021-12-13,2021-12-01,2021-10-01,2021-10-01,2021-12-19,2021-12-31,2021-12-31,2021-12-31,2021-12-31,2021-12-31,2021-12-31,2021-12-17,7,80,353,121,487,1463,6363,44547,1,0,0,0,,2022-08-29 09:01:26.503255 UTC
2021-12-20,2021D354,2021W51,2021M12,2021Q4,20,1,Monday,Mon,December,Dec,12,51,4,2021,20,2021-12-20,2021-12-01,2021-10-01,2021-10-01,2021-12-26,2021-12-31,2021-12-31,2021-12-31,2021-12-31,2021-12-31,2021-12-31,2021-12-20,1,81,354,121,487,1463,6364,44548,0,0,0,0,,2022-08-29 09:01:26.503255 UTC
2021-12-21,2021D355,2021W51,2021M12,2021Q4,21,1,Tuesday,Tue,December,Dec,12,51,4,2021,20,2021-12-20,2021-12-01,2021-10-01,2021-10-01,2021-12-26,2021-12-31,2021-12-31,2021-12-31,2021-12-31,2021-12-31,2021-12-31,2021-12-21,2,82,355,121,487,1463,6364,44549,0,0,0,0,,2022-08-29 09:01:26.503255 UTC
2021-12-22,2021D356,2021W51,2021M12,2021Q4,22,1,Wednesday,Wed,December,Dec,12,51,4,2021,20,2021-12-20,2021-12-01,2021-10-01,2021-10-01,2021-12-26,2021-12-31,2021-12-31,2021-12-31,2021-12-31,2021-12-31,2021-12-31,2021-12-22,3,83,356,121,487,1463,6364,44550,0,0,0,0,,2022-08-29 09:01:26.503255 UTC
2021-12-23,2021D357,2021W51,2021M12,2021Q4,23,1,Thursday,Thu,December,Dec,12,51,4,2021,20,2021-12-20,2021-12-01,2021-10-01,2021-10-01,2021-12-26,2021-12-31,2021-12-31,2021-12-31,2021-12-31,2021-12-31,2021-12-31,2021-12-23,4,84,357,121,487,1463,6364,44551,0,0,0,0,,2022-08-29 09:01:26.503255 UTC
2021-12-24,2021D358,2021W51,2021M12,2021Q4,24,1,Friday,Fri,December,Dec,12,51,4,2021,20,2021-12-20,2021-12-01,2021-10-01,2021-10-01,2021-12-26,2021-12-31,2021-12-31,2021-12-31,2021-12-31,2021-12-31,2021-12-31,2021-12-24,5,85,358,121,487,1463,6364,44552,0,0,0,0,,2022-08-29 09:01:26.503255 UTC
2021-12-25,2021D359,2021W51,2021M12,2021Q4,25,0,Saturday,Sat,December,Dec,12,51,4,2021,20,2021-12-20,2021-12-01,2021-10-01,2021-10-01,2021-12-26,2021-12-31,2021-12-31,2021-12-31,2021-12-31,2021-12-31,2021-12-31,2021-12-24,6,86,359,121,487,1463,6364,44553,0,0,0,0,,2022-08-29 09:01:26.503255 UTC
2021-12-26,2021D360,2021W51,2021M12,2021Q4,26,0,Sunday,Sun,December,Dec,12,51,4,2021,20,2021-12-20,2021-12-01,2021-10-01,2021-10-01,2021-12-26,2021-12-31,2021-12-31,2021-12-31,2021-12-31,2021-12-31,2021-12-31,2021-12-24,7,87,360,121,487,1463,6364,44554,0,0,0,0,,2022-08-29 09:01:26.503255 UTC
2021-12-27,2021D361,2021W52,2021M12,2021Q4,27,1,Monday,Mon,December,Dec,12,52,4,2021,20,2021-12-27,2021-12-01,2021-10-01,2021-10-01,2022-01-02,2021-12-31,2021-12-31,2021-12-31,2021-12-31,2021-12-31,2021-12-31,2021-12-24,1,88,361,121,487,1463,6365,44555,0,0,0,1,Christmas Day,2022-08-29 09:01:26.503255 UTC
2021-12-28,2021D362,2021W52,2021M12,2021Q4,28,1,Tuesday,Tue,December,Dec,12,52,4,2021,20,2021-12-27,2021-12-01,2021-10-01,2021-10-01,2022-01-02,2021-12-31,2021-12-31,2021-12-31,2021-12-31,2021-12-31,2021-12-31,2021-12-24,2,89,362,121,487,1463,6365,44556,0,0,0,1,Boxing Day,2022-08-29 09:01:26.503255 UTC
2021-12-29,2021D363,2021W52,2021M12,2021Q4,29,1,Wednesday,Wed,December,Dec,12,52,4,2021,20,2021-12-27,2021-12-01,2021-10-01,2021-10-01,2022-01-02,2021-12-31,2021-12-31,2021-12-31,2021-12-31,2021-12-31,2021-12-31,2021-12-29,3,90,363,121,487,1463,6365,44557,0,0,0,0,,2022-08-29 09:01:26.503255 UTC
2021-12-30,2021D364,2021W52,2021M12,2021Q4,30,1,Thursday,Thu,December,Dec,12,52,4,2021,20,2021-12-27,2021-12-01,2021-10-01,2021-10-01,2022-01-02,2021-12-31,2021-12-31,2021-12-31,2021-12-31,2021-12-31,2021-12-31,2021-12-30,4,91,364,121,487,1463,6365,44558,0,0,0,0,,2022-08-29 09:01:26.503255 UTC
2021-12-31,2021D365,2021W52,2021M12,2021Q4,31,1,Friday,Fri,December,Dec,12,52,4,2021,20,2021-12-27,2021-12-01,2021-10-01,2021-10-01,2022-01-02,2021-12-31,2021-12-31,2021-12-31,2021-12-31,2021-12-31,2021-12-31,2021-12-31,5,92,365,121,487,1463,6365,44559,0,0,0,0,,2022-08-29 09:01:26.503255 UTC
2022-01-01,2022D1,2022W00,2022M01,2022Q1,1,0,Saturday,Sat,January,Jan,1,0,1,2022,20,2021-12-27,2022-01-01,2022-01-01,2022-01-01,2022-01-02,2022-01-31,2022-03-31,2022-12-31,2022-01-31,2022-03-31,2022-12-30,2021-12-31,6,1,1,122,488,1464,6365,44560,0,0,0,1,New Years Day,2022-08-29 09:01:26.503255 UTC
2022-01-02,2022D2,2022W00,2022M01,2022Q1,2,0,Sunday,Sun,January,Jan,1,0,1,2022,20,2021-12-27,2022-01-01,2022-01-01,2022-01-01,2022-01-02,2022-01-31,2022-03-31,2022-12-31,2022-01-31,2022-03-31,2022-12-30,2021-12-31,7,2,2,122,488,1464,6365,44561,0,0,0,0,,2022-08-29 09:01:26.503255 UTC
2022-01-03,2022D3,2022W01,2022M01,2022Q1,3,1,Monday,Mon,January,Jan,1,1,1,2022,20,2022-01-03,2022-01-01,2022-01-01,2022-01-01,2022-01-09,2022-01-31,2022-03-31,2022-12-31,2022-01-31,2022-03-31,2022-12-30,2022-01-03,1,3,3,122,488,1464,6366,44562,0,0,0,0,,2022-08-29 09:01:26.503255 UTC
2022-01-04,2022D4,2022W01,2022M01,2022Q1,4,1,Tuesday,Tue,January,Jan,1,1,1,2022,20,2022-01-03,2022-01-01,2022-01-01,2022-01-01,2022-01-09,2022-01-31,2022-03-31,2022-12-31,2022-01-31,2022-03-31,2022-12-30,2022-01-04,2,4,4,122,488,1464,6366,44563,0,0,0,0,,2022-08-29 09:01:26.503255 UTC
2022-01-05,2022D5,2022W01,2022M01,2022Q1,5,1,Wednesday,Wed,January,Jan,1,1,1,2022,20,2022-01-03,2022-01-01,2022-01-01,2022-01-01,2022-01-09,2022-01-31,2022-03-31,2022-12-31,2022-01-31,2022-03-31,2022-12-30,2022-01-05,3,5,5,122,488,1464,6366,44564,0,0,0,0,,2022-08-29 09:01:26.503255 UTC
2022-01-06,2022D6,2022W01,2022M01,2022Q1,6,1,Thursday,Thu,January,Jan,1,1,1,2022,20,2022-01-03,2022-01-01,2022-01-01,2022-01-01,2022-01-09,2022-01-31,2022-03-31,2022-12-31,2022-01-31,2022-03-31,2022-12-30,2022-01-06,4,6,6,122,488,1464,6366,44565,0,0,0,0,,2022-08-29 09:01:26.503255 UTC
2022-01-07,2022D7,2022W01,2022M01,2022Q1,7,1,Friday,Fri,January,Jan,1,1,1,2022,20,2022-01-03,2022-01-01,2022-01-01,2022-01-01,2022-01-09,2022-01-31,2022-03-31,2022-12-31,2022-01-31,2022-03-31,2022-12-30,2022-01-07,5,7,7,122,488,1464,6366,44566,0,0,0,0,,2022-08-29 09:01:26.503255 UTC
2022-01-08,2022D8,2022W01,2022M01,2022Q1,8,0,Saturday,Sat,January,Jan,1,1,1,2022,20,2022-01-03,2022-01-01,2022-01-01,2022-01-01,2022-01-09,2022-01-31,2022-03-31,2022-12-31,2022-01-31,2022-03-31,2022-12-30,2022-01-07,6,8,8,122,488,1464,6366,44567,0,0,0,0,,2022-08-29 09:01:26.503255 UTC
2022-01-09,2022D9,2022W01,2022M01,2022Q1,9,0,Sunday,Sun,January,Jan,1,1,1,2022,20,2022-01-03,2022-01-01,2022-01-01,2022-01-01,2022-01-09,2022-01-31,2022-03-31,2022-12-31,2022-01-31,2022-03-31,2022-12-30,2022-01-07,7,9,9,122,488,1464,6366,44568,0,0,0,0,,2022-08-29 09:01:26.503255 UTC
2022-01-10,2022D10,2022W02,2022M01,2022Q1,10,1,Monday,Mon,January,Jan,1,2,1,2022,20,2022-01-10,2022-01-01,2022-01-01,2022-01-01,2022-01-16,2022-01-31,2022-03-31,2022-12-31,2022-01-31,2022-03-31,2022-12-30,2022-01-10,1,10,10,122,488,1464,6367,44569,0,0,0,0,,2022-08-29 09:01:26.503255 UTC
2022-01-11,2022D11,2022W02,2022M01,2022Q1,11,1,Tuesday,Tue,January,Jan,1,2,1,2022,20,2022-01-10,2022-01-01,2022-01-01,2022-01-01,2022-01-16,2022-01-31,2022-03-31,2022-12-31,2022-01-31,2022-03-31,2022-12-30,2022-01-11,2,11,11,122,488,1464,6367,44570,0,0,0,0,,2022-08-29 09:01:26.503255 UTC
2022-01-12,2022D12,2022W02,2022M01,2022Q1,12,1,Wednesday,Wed,January,Jan,1,2,1,2022,20,2022-01-10,2022-01-01,2022-01-01,2022-01-01,2022-01-16,2022-01-31,2022-03-31,2022-12-31,2022-01-31,2022-03-31,2022-12-30,2022-01-12,3,12,12,122,488,1464,6367,44571,0,0,0,0,,2022-08-29 09:01:26.503255 UTC
2022-01-13,2022D13,2022W02,2022M01,2022Q1,13,1,Thursday,Thu,January,Jan,1,2,1,2022,20,2022-01-10,2022-01-01,2022-01-01,2022-01-01,2022-01-16,2022-01-31,2022-03-31,2022-12-31,2022-01-31,2022-03-31,2022-12-30,2022-01-13,4,13,13,122,488,1464,6367,44572,0,0,0,0,,2022-08-29 09:01:26.503255 UTC
2022-01-14,2022D14,2022W02,2022M01,2022Q1,14,1,Friday,Fri,January,Jan,1,2,1,2022,20,2022-01-10,2022-01-01,2022-01-01,2022-01-01,2022-01-16,2022-01-31,2022-03-31,2022-12-31,2022-01-31,2022-03-31,2022-12-30,2022-01-14,5,14,14,122,488,1464,6367,44573,0,0,0,0,,2022-08-29 09:01:26.503255 UTC
2022-01-15,2022D15,2022W02,2022M01,2022Q1,15,0,Saturday,Sat,January,Jan,1,2,1,2022,20,2022-01-10,2022-01-01,2022-01-01,2022-01-01,2022-01-16,2022-01-31,2022-03-31,2022-12-31,2022-01-31,2022-03-31,2022-12-30,2022-01-14,6,15,15,122,488,1464,6367,44574,0,0,0,0,,2022-08-29 09:01:26.503255 UTC
2022-01-16,2022D16,2022W02,2022M01,2022Q1,16,0,Sunday,Sun,January,Jan,1,2,1,2022,20,2022-01-10,2022-01-01,2022-01-01,2022-01-01,2022-01-16,2022-01-31,2022-03-31,2022-12-31,2022-01-31,2022-03-31,2022-12-30,2022-01-14,7,16,16,122,488,1464,6367,44575,0,0,0,0,,2022-08-29 09:01:26.503255 UTC
2022-01-17,2022D17,2022W03,2022M01,2022Q1,17,1,Monday,Mon,January,Jan,1,3,1,2022,20,2022-01-17,2022-01-01,2022-01-01,2022-01-01,2022-01-23,2022-01-31,2022-03-31,2022-12-31,2022-01-31,2022-03-31,2022-12-30,2022-01-17,1,17,17,122,488,1464,6368,44576,0,0,0,0,,2022-08-29 09:01:26.503255 UTC
2022-01-18,2022D18,2022W03,2022M01,2022Q1,18,1,Tuesday,Tue,January,Jan,1,3,1,2022,20,2022-01-17,2022-01-01,2022-01-01,2022-01-01,2022-01-23,2022-01-31,2022-03-31,2022-12-31,2022-01-31,2022-03-31,2022-12-30,2022-01-18,2,18,18,122,488,1464,6368,44577,1,0,0,0,,2022-08-29 09:01:26.503255 UTC
2022-01-19,2022D19,2022W03,2022M01,2022Q1,19,1,Wednesday,Wed,January,Jan,1,3,1,2022,20,2022-01-17,2022-01-01,2022-01-01,2022-01-01,2022-01-23,2022-01-31,2022-03-31,2022-12-31,2022-01-31,2022-03-31,2022-12-30,2022-01-19,3,19,19,122,488,1464,6368,44578,0,0,0,0,,2022-08-29 09:01:26.503255 UTC
2022-01-20,2022D20,2022W03,2022M01,2022Q1,20,1,Thursday,Thu,January,Jan,1,3,1,2022,20,2022-01-17,2022-01-01,2022-01-01,2022-01-01,2022-01-23,2022-01-31,2022-03-31,2022-12-31,2022-01-31,2022-03-31,2022-12-30,2022-01-20,4,20,20,122,488,1464,6368,44579,0,0,0,0,,2022-08-29 09:01:26.503255 UTC
2022-01-21,2022D21,2022W03,2022M01,2022Q1,21,1,Friday,Fri,January,Jan,1,3,1,2022,20,2022-01-17,2022-01-01,2022-01-01,2022-01-01,2022-01-23,2022-01-31,2022-03-31,2022-12-31,2022-01-31,2022-03-31,2022-12-30,2022-01-21,5,21,21,122,488,1464,6368,44580,0,0,0,0,,2022-08-29 09:01:26.503255 UTC
2022-01-22,2022D22,2022W03,2022M01,2022Q1,22,0,Saturday,Sat,January,Jan,1,3,1,2022,20,2022-01-17,2022-01-01,2022-01-01,2022-01-01,2022-01-23,2022-01-31,2022-03-31,2022-12-31,2022-01-31,2022-03-31,2022-12-30,2022-01-21,6,22,22,122,488,1464,6368,44581,0,0,0,0,,2022-08-29 09:01:26.503255 UTC
2022-01-23,2022D23,2022W03,2022M01,2022Q1,23,0,Sunday,Sun,January,Jan,1,3,1,2022,20,2022-01-17,2022-01-01,2022-01-01,2022-01-01,2022-01-23,2022-01-31,2022-03-31,2022-12-31,2022-01-31,2022-03-31,2022-12-30,2022-01-21,7,23,23,122,488,1464,6368,44582,0,0,0,0,,2022-08-29 09:01:26.503255 UTC
2022-01-24,2022D24,2022W04,2022M01,2022Q1,24,1,Monday,Mon,January,Jan,1,4,1,2022,20,2022-01-24,2022-01-01,2022-01-01,2022-01-01,2022-01-30,2022-01-31,2022-03-31,2022-12-31,2022-01-31,2022-03-31,2022-12-30,2022-01-24,1,24,24,122,488,1464,6369,44583,0,0,0,0,,2022-08-29 09:01:26.503255 UTC
2022-01-25,2022D25,2022W04,2022M01,2022Q1,25,1,Tuesday,Tue,January,Jan,1,4,1,2022,20,2022-01-24,2022-01-01,2022-01-01,2022-01-01,2022-01-30,2022-01-31,2022-03-31,2022-12-31,2022-01-31,2022-03-31,2022-12-30,2022-01-25,2,25,25,122,488,1464,6369,44584,0,0,0,0,,2022-08-29 09:01:26.503255 UTC
2022-01-26,2022D26,2022W04,2022M01,2022Q1,26,1,Wednesday,Wed,January,Jan,1,4,1,2022,20,2022-01-24,2022-01-01,2022-01-01,2022-01-01,2022-01-30,2022-01-31,2022-03-31,2022-12-31,2022-01-31,2022-03-31,2022-12-30,2022-01-26,3,26,26,122,488,1464,6369,44585,0,0,0,0,,2022-08-29 09:01:26.503255 UTC
2022-01-27,2022D27,2022W04,2022M01,2022Q1,27,1,Thursday,Thu,January,Jan,1,4,1,2022,20,2022-01-24,2022-01-01,2022-01-01,2022-01-01,2022-01-30,2022-01-31,2022-03-31,2022-12-31,2022-01-31,2022-03-31,2022-12-30,2022-01-27,4,27,27,122,488,1464,6369,44586,0,0,0,0,,2022-08-29 09:01:26.503255 UTC
2022-01-28,2022D28,2022W04,2022M01,2022Q1,28,1,Friday,Fri,January,Jan,1,4,1,2022,20,2022-01-24,2022-01-01,2022-01-01,2022-01-01,2022-01-30,2022-01-31,2022-03-31,2022-12-31,2022-01-31,2022-03-31,2022-12-30,2022-01-28,5,28,28,122,488,1464,6369,44587,0,0,0,0,,2022-08-29 09:01:26.503255 UTC
2022-01-29,2022D29,2022W04,2022M01,2022Q1,29,0,Saturday,Sat,January,Jan,1,4,1,2022,20,2022-01-24,2022-01-01,2022-01-01,2022-01-01,2022-01-30,2022-01-31,2022-03-31,2022-12-31,2022-01-31,2022-03-31,2022-12-30,2022-01-28,6,29,29,122,488,1464,6369,44588,0,0,0,0,,2022-08-29 09:01:26.503255 UTC
2022-01-30,2022D30,2022W04,2022M01,2022Q1,30,0,Sunday,Sun,January,Jan,1,4,1,2022,20,2022-01-24,2022-01-01,2022-01-01,2022-01-01,2022-01-30,2022-01-31,2022-03-31,2022-12-31,2022-01-31,2022-03-31,2022-12-30,2022-01-28,7,30,30,122,488,1464,6369,44589,0,0,0,0,,2022-08-29 09:01:26.503255 UTC
2022-01-31,2022D31,2022W05,2022M01,2022Q1,31,1,Monday,Mon,January,Jan,1,5,1,2022,20,2022-01-31,2022-01-01,2022-01-01,2022-01-01,2022-02-06,2022-01-31,2022-03-31,2022-12-31,2022-01-31,2022-03-31,2022-12-30,2022-01-31,1,31,31,122,488,1464,6370,44590,0,0,0,0,,2022-08-29 09:01:26.503255 UTC
2022-02-01,2022D32,2022W05,2022M02,2022Q1,1,1,Tuesday,Tue,February,Feb,2,5,1,2022,20,2022-01-31,2022-02-01,2022-01-01,2022-01-01,2022-02-06,2022-02-28,2022-03-31,2022-12-31,2022-02-28,2022-03-31,2022-12-30,2022-02-01,2,32,32,122,488,1465,6370,44591,0,0,0,0,,2022-08-29 09:01:26.503255 UTC
2022-02-02,2022D33,2022W05,2022M02,2022Q1,2,1,Wednesday,Wed,February,Feb,2,5,1,2022,20,2022-01-31,2022-02-01,2022-01-01,2022-01-01,2022-02-06,2022-02-28,2022-03-31,2022-12-31,2022-02-28,2022-03-31,2022-12-30,2022-02-02,3,33,33,122,488,1465,6370,44592,0,0,0,0,,2022-08-29 09:01:26.503255 UTC
2022-02-03,2022D34,2022W05,2022M02,2022Q1,3,1,Thursday,Thu,February,Feb,2,5,1,2022,20,2022-01-31,2022-02-01,2022-01-01,2022-01-01,2022-02-06,2022-02-28,2022-03-31,2022-12-31,2022-02-28,2022-03-31,2022-12-30,2022-02-03,4,34,34,122,488,1465,6370,44593,0,0,0,0,,2022-08-29 09:01:26.503255 UTC
2022-02-04,2022D35,2022W05,2022M02,2022Q1,4,1,Friday,Fri,February,Feb,2,5,1,2022,20,2022-01-31,2022-02-01,2022-01-01,2022-01-01,2022-02-06,2022-02-28,2022-03-31,2022-12-31,2022-02-28,2022-03-31,2022-12-30,2022-02-04,5,35,35,122,488,1465,6370,44594,0,0,0,0,,2022-08-29 09:01:26.503255 UTC
2022-02-05,2022D36,2022W05,2022M02,2022Q1,5,0,Saturday,Sat,February,Feb,2,5,1,2022,20,2022-01-31,2022-02-01,2022-01-01,2022-01-01,2022-02-06,2022-02-28,2022-03-31,2022-12-31,2022-02-28,2022-03-31,2022-12-30,2022-02-04,6,36,36,122,488,1465,6370,44595,0,0,0,0,,2022-08-29 09:01:26.503255 UTC
2022-02-06,2022D37,2022W05,2022M02,2022Q1,6,0,Sunday,Sun,February,Feb,2,5,1,2022,20,2022-01-31,2022-02-01,2022-01-01,2022-01-01,2022-02-06,2022-02-28,2022-03-31,2022-12-31,2022-02-28,2022-03-31,2022-12-30,2022-02-04,7,37,37,122,488,1465,6370,44596,0,0,0,0,,2022-08-29 09:01:26.503255 UTC
2022-02-07,2022D38,2022W06,2022M02,2022Q1,7,1,Monday,Mon,February,Feb,2,6,1,2022,20,2022-02-07,2022-02-01,2022-01-01,2022-01-01,2022-02-13,2022-02-28,2022-03-31,2022-12-31,2022-02-28,2022-03-31,2022-12-30,2022-02-07,1,38,38,122,488,1465,6371,44597,0,0,0,0,,2022-08-29 09:01:26.503255 UTC
2022-02-08,2022D39,2022W06,2022M02,2022Q1,8,1,Tuesday,Tue,February,Feb,2,6,1,2022,20,2022-02-07,2022-02-01,2022-01-01,2022-01-01,2022-02-13,2022-02-28,2022-03-31,2022-12-31,2022-02-28,2022-03-31,2022-12-30,2022-02-08,2,39,39,122,488,1465,6371,44598,0,0,0,0,,2022-08-29 09:01:26.503255 UTC
2022-02-09,2022D40,2022W06,2022M02,2022Q1,9,1,Wednesday,Wed,February,Feb,2,6,1,2022,20,2022-02-07,2022-02-01,2022-01-01,2022-01-01,2022-02-13,2022-02-28,2022-03-31,2022-12-31,2022-02-28,2022-03-31,2022-12-30,2022-02-09,3,40,40,122,488,1465,6371,44599,0,0,0,0,,2022-08-29 09:01:26.503255 UTC
2022-02-10,2022D41,2022W06,2022M02,2022Q1,10,1,Thursday,Thu,February,Feb,2,6,1,2022,20,2022-02-07,2022-02-01,2022-01-01,2022-01-01,2022-02-13,2022-02-28,2022-03-31,2022-12-31,2022-02-28,2022-03-31,2022-12-30,2022-02-10,4,41,41,122,488,1465,6371,44600,0,0,0,0,,2022-08-29 09:01:26.503255 UTC
2022-02-11,2022D42,2022W06,2022M02,2022Q1,11,1,Friday,Fri,February,Feb,2,6,1,2022,20,2022-02-07,2022-02-01,2022-01-01,2022-01-01,2022-02-13,2022-02-28,2022-03-31,2022-12-31,2022-02-28,2022-03-31,2022-12-30,2022-02-11,5,42,42,122,488,1465,6371,44601,0,0,0,0,,2022-08-29 09:01:26.503255 UTC
2022-02-12,2022D43,2022W06,2022M02,2022Q1,12,0,Saturday,Sat,February,Feb,2,6,1,2022,20,2022-02-07,2022-02-01,2022-01-01,2022-01-01,2022-02-13,2022-02-28,2022-03-31,2022-12-31,2022-02-28,2022-03-31,2022-12-30,2022-02-11,6,43,43,122,488,1465,6371,44602,0,0,0,0,,2022-08-29 09:01:26.503255 UTC
2022-02-13,2022D44,2022W06,2022M02,2022Q1,13,0,Sunday,Sun,February,Feb,2,6,1,2022,20,2022-02-07,2022-02-01,2022-01-01,2022-01-01,2022-02-13,2022-02-28,2022-03-31,2022-12-31,2022-02-28,2022-03-31,2022-12-30,2022-02-11,7,44,44,122,488,1465,6371,44603,0,0,0,0,,2022-08-29 09:01:26.503255 UTC
2022-02-14,2022D45,2022W07,2022M02,2022Q1,14,1,Monday,Mon,February,Feb,2,7,1,2022,20,2022-02-14,2022-02-01,2022-01-01,2022-01-01,2022-02-20,2022-02-28,2022-03-31,2022-12-31,2022-02-28,2022-03-31,2022-12-30,2022-02-14,1,45,45,122,488,1465,6372,44604,0,0,0,0,,2022-08-29 09:01:26.503255 UTC
2022-02-15,2022D46,2022W07,2022M02,2022Q1,15,1,Tuesday,Tue,February,Feb,2,7,1,2022,20,2022-02-14,2022-02-01,2022-01-01,2022-01-01,2022-02-20,2022-02-28,2022-03-31,2022-12-31,2022-02-28,2022-03-31,2022-12-30,2022-02-15,2,46,46,122,488,1465,6372,44605,0,0,0,0,,2022-08-29 09:01:26.503255 UTC
2022-02-16,2022D47,2022W07,2022M02,2022Q1,16,1,Wednesday,Wed,February,Feb,2,7,1,2022,20,2022-02-14,2022-02-01,2022-01-01,2022-01-01,2022-02-20,2022-02-28,2022-03-31,2022-12-31,2022-02-28,2022-03-31,2022-12-30,2022-02-16,3,47,47,122,488,1465,6372,44606,1,0,0,0,,2022-08-29 09:01:26.503255 UTC
2022-02-17,2022D48,2022W07,2022M02,2022Q1,17,1,Thursday,Thu,February,Feb,2,7,1,2022,20,2022-02-14,2022-02-01,2022-01-01,2022-01-01,2022-02-20,2022-02-28,2022-03-31,2022-12-31,2022-02-28,2022-03-31,2022-12-30,2022-02-17,4,48,48,122,488,1465,6372,44607,0,0,0,0,,2022-08-29 09:01:26.503255 UTC
2022-02-18,2022D49,2022W07,2022M02,2022Q1,18,1,Friday,Fri,February,Feb,2,7,1,2022,20,2022-02-14,2022-02-01,2022-01-01,2022-01-01,2022-02-20,2022-02-28,2022-03-31,2022-12-31,2022-02-28,2022-03-31,2022-12-30,2022-02-18,5,49,49,122,488,1465,6372,44608,0,0,0,0,,2022-08-29 09:01:26.503255 UTC
2022-02-19,2022D50,2022W07,2022M02,2022Q1,19,0,Saturday,Sat,February,Feb,2,7,1,2022,20,2022-02-14,2022-02-01,2022-01-01,2022-01-01,2022-02-20,2022-02-28,2022-03-31,2022-12-31,2022-02-28,2022-03-31,2022-12-30,2022-02-18,6,50,50,122,488,1465,6372,44609,0,0,0,0,,2022-08-29 09:01:26.503255 UTC
2022-02-20,2022D51,2022W07,2022M02,2022Q1,20,0,Sunday,Sun,February,Feb,2,7,1,2022,20,2022-02-14,2022-02-01,2022-01-01,2022-01-01,2022-02-20,2022-02-28,2022-03-31,2022-12-31,2022-02-28,2022-03-31,2022-12-30,2022-02-18,7,51,51,122,488,1465,6372,44610,0,0,0,0,,2022-08-29 09:01:26.503255 UTC
2022-02-21,2022D52,2022W08,2022M02,2022Q1,21,1,Monday,Mon,February,Feb,2,8,1,2022,20,2022-02-21,2022-02-01,2022-01-01,2022-01-01,2022-02-27,2022-02-28,2022-03-31,2022-12-31,2022-02-28,2022-03-31,2022-12-30,2022-02-21,1,52,52,122,488,1465,6373,44611,0,0,0,0,,2022-08-29 09:01:26.503255 UTC
2022-02-22,2022D53,2022W08,2022M02,2022Q1,22,1,Tuesday,Tue,February,Feb,2,8,1,2022,20,2022-02-21,2022-02-01,2022-01-01,2022-01-01,2022-02-27,2022-02-28,2022-03-31,2022-12-31,2022-02-28,2022-03-31,2022-12-30,2022-02-22,2,53,53,122,488,1465,6373,44612,0,0,0,0,,2022-08-29 09:01:26.503255 UTC
2022-02-23,2022D54,2022W08,2022M02,2022Q1,23,1,Wednesday,Wed,February,Feb,2,8,1,2022,20,2022-02-21,2022-02-01,2022-01-01,2022-01-01,2022-02-27,2022-02-28,2022-03-31,2022-12-31,2022-02-28,2022-03-31,2022-12-30,2022-02-23,3,54,54,122,488,1465,6373,44613,0,0,0,0,,2022-08-29 09:01:26.503255 UTC
2022-02-24,2022D55,2022W08,2022M02,2022Q1,24,1,Thursday,Thu,February,Feb,2,8,1,2022,20,2022-02-21,2022-02-01,2022-01-01,2022-01-01,2022-02-27,2022-02-28,2022-03-31,2022-12-31,2022-02-28,2022-03-31,2022-12-30,2022-02-24,4,55,55,122,488,1465,6373,44614,0,0,0,0,,2022-08-29 09:01:26.503255 UTC
2022-02-25,2022D56,2022W08,2022M02,2022Q1,25,1,Friday,Fri,February,Feb,2,8,1,2022,20,2022-02-21,2022-02-01,2022-01-01,2022-01-01,2022-02-27,2022-02-28,2022-03-31,2022-12-31,2022-02-28,2022-03-31,2022-12-30,2022-02-25,5,56,56,122,488,1465,6373,44615,0,0,0,0,,2022-08-29 09:01:26.503255 UTC
2022-02-26,2022D57,2022W08,2022M02,2022Q1,26,0,Saturday,Sat,February,Feb,2,8,1,2022,20,2022-02-21,2022-02-01,2022-01-01,2022-01-01,2022-02-27,2022-02-28,2022-03-31,2022-12-31,2022-02-28,2022-03-31,2022-12-30,2022-02-25,6,57,57,122,488,1465,6373,44616,0,0,0,0,,2022-08-29 09:01:26.503255 UTC
2022-02-27,2022D58,2022W08,2022M02,2022Q1,27,0,Sunday,Sun,February,Feb,2,8,1,2022,20,2022-02-21,2022-02-01,2022-01-01,2022-01-01,2022-02-27,2022-02-28,2022-03-31,2022-12-31,2022-02-28,2022-03-31,2022-12-30,2022-02-25,7,58,58,122,488,1465,6373,44617,0,0,0,0,,2022-08-29 09:01:26.503255 UTC
2022-02-28,2022D59,2022W09,2022M02,2022Q1,28,1,Monday,Mon,February,Feb,2,9,1,2022,20,2022-02-28,2022-02-01,2022-01-01,2022-01-01,2022-03-06,2022-02-28,2022-03-31,2022-12-31,2022-02-28,2022-03-31,2022-12-30,2022-02-28,1,59,59,122,488,1465,6374,44618,0,0,0,0,,2022-08-29 09:01:26.503255 UTC
2022-03-01,2022D60,2022W09,2022M03,2022Q1,1,1,Tuesday,Tue,March,Mar,3,9,1,2022,20,2022-02-28,2022-03-01,2022-01-01,2022-01-01,2022-03-06,2022-03-31,2022-03-31,2022-12-31,2022-03-31,2022-03-31,2022-12-30,2022-03-01,2,60,60,122,488,1466,6374,44619,0,0,0,0,,2022-08-29 09:01:26.503255 UTC
2022-03-02,2022D61,2022W09,2022M03,2022Q1,2,1,Wednesday,Wed,March,Mar,3,9,1,2022,20,2022-02-28,2022-03-01,2022-01-01,2022-01-01,2022-03-06,2022-03-31,2022-03-31,2022-12-31,2022-03-31,2022-03-31,2022-12-30,2022-03-02,3,61,61,122,488,1466,6374,44620,0,0,0,0,,2022-08-29 09:01:26.503255 UTC
2022-03-03,2022D62,2022W09,2022M03,2022Q1,3,1,Thursday,Thu,March,Mar,3,9,1,2022,20,2022-02-28,2022-03-01,2022-01-01,2022-01-01,2022-03-06,2022-03-31,2022-03-31,2022-12-31,2022-03-31,2022-03-31,2022-12-30,2022-03-03,4,62,62,122,488,1466,6374,44621,0,0,0,0,,2022-08-29 09:01:26.503255 UTC
2022-03-04,2022D63,2022W09,2022M03,2022Q1,4,1,Friday,Fri,March,Mar,3,9,1,2022,20,2022-02-28,2022-03-01,2022-01-01,2022-01-01,2022-03-06,2022-03-31,2022-03-31,2022-12-31,2022-03-31,2022-03-31,2022-12-30,2022-03-04,5,63,63,122,488,1466,6374,44622,0,0,0,0,,2022-08-29 09:01:26.503255 UTC
2022-03-05,2022D64,2022W09,2022M03,2022Q1,5,0,Saturday,Sat,March,Mar,3,9,1,2022,20,2022-02-28,2022-03-01,2022-01-01,2022-01-01,2022-03-06,2022-03-31,2022-03-31,2022-12-31,2022-03-31,2022-03-31,2022-12-30,2022-03-04,6,64,64,122,488,1466,6374,44623,0,0,0,0,,2022-08-29 09:01:26.503255 UTC
2022-03-06,2022D65,2022W09,2022M03,2022Q1,6,0,Sunday,Sun,March,Mar,3,9,1,2022,20,2022-02-28,2022-03-01,2022-01-01,2022-01-01,2022-03-06,2022-03-31,2022-03-31,2022-12-31,2022-03-31,2022-03-31,2022-12-30,2022-03-04,7,65,65,122,488,1466,6374,44624,0,0,0,0,,2022-08-29 09:01:26.503255 UTC
2022-03-07,2022D66,2022W10,2022M03,2022Q1,7,1,Monday,Mon,March,Mar,3,10,1,2022,20,2022-03-07,2022-03-01,2022-01-01,2022-01-01,2022-03-13,2022-03-31,2022-03-31,2022-12-31,2022-03-31,2022-03-31,2022-12-30,2022-03-07,1,66,66,122,488,1466,6375,44625,0,0,0,0,,2022-08-29 09:01:26.503255 UTC
2022-03-08,2022D67,2022W10,2022M03,2022Q1,8,1,Tuesday,Tue,March,Mar,3,10,1,2022,20,2022-03-07,2022-03-01,2022-01-01,2022-01-01,2022-03-13,2022-03-31,2022-03-31,2022-12-31,2022-03-31,2022-03-31,2022-12-30,2022-03-08,2,67,67,122,488,1466,6375,44626,0,0,0,0,,2022-08-29 09:01:26.503255 UTC
2022-03-09,2022D68,2022W10,2022M03,2022Q1,9,1,Wednesday,Wed,March,Mar,3,10,1,2022,20,2022-03-07,2022-03-01,2022-01-01,2022-01-01,2022-03-13,2022-03-31,2022-03-31,2022-12-31,2022-03-31,2022-03-31,2022-12-30,2022-03-09,3,68,68,122,488,1466,6375,44627,0,0,0,0,,2022-08-29 09:01:26.503255 UTC
2022-03-10,2022D69,2022W10,2022M03,2022Q1,10,1,Thursday,Thu,March,Mar,3,10,1,2022,20,2022-03-07,2022-03-01,2022-01-01,2022-01-01,2022-03-13,2022-03-31,2022-03-31,2022-12-31,2022-03-31,2022-03-31,2022-12-30,2022-03-10,4,69,69,122,488,1466,6375,44628,0,0,0,0,,2022-08-29 09:01:26.503255 UTC
2022-03-11,2022D70,2022W10,2022M03,2022Q1,11,1,Friday,Fri,March,Mar,3,10,1,2022,20,2022-03-07,2022-03-01,2022-01-01,2022-01-01,2022-03-13,2022-03-31,2022-03-31,2022-12-31,2022-03-31,2022-03-31,2022-12-30,2022-03-11,5,70,70,122,488,1466,6375,44629,0,0,0,0,,2022-08-29 09:01:26.503255 UTC
2022-03-12,2022D71,2022W10,2022M03,2022Q1,12,0,Saturday,Sat,March,Mar,3,10,1,2022,20,2022-03-07,2022-03-01,2022-01-01,2022-01-01,2022-03-13,2022-03-31,2022-03-31,2022-12-31,2022-03-31,2022-03-31,2022-12-30,2022-03-11,6,71,71,122,488,1466,6375,44630,0,0,0,0,,2022-08-29 09:01:26.503255 UTC
2022-03-13,2022D72,2022W10,2022M03,2022Q1,13,0,Sunday,Sun,March,Mar,3,10,1,2022,20,2022-03-07,2022-03-01,2022-01-01,2022-01-01,2022-03-13,2022-03-31,2022-03-31,2022-12-31,2022-03-31,2022-03-31,2022-12-30,2022-03-11,7,72,72,122,488,1466,6375,44631,0,0,0,0,,2022-08-29 09:01:26.503255 UTC
2022-03-14,2022D73,2022W11,2022M03,2022Q1,14,1,Monday,Mon,March,Mar,3,11,1,2022,20,2022-03-14,2022-03-01,2022-01-01,2022-01-01,2022-03-20,2022-03-31,2022-03-31,2022-12-31,2022-03-31,2022-03-31,2022-12-30,2022-03-14,1,73,73,122,488,1466,6376,44632,0,0,0,0,,2022-08-29 09:01:26.503255 UTC
2022-03-15,2022D74,2022W11,2022M03,2022Q1,15,1,Tuesday,Tue,March,Mar,3,11,1,2022,20,2022-03-14,2022-03-01,2022-01-01,2022-01-01,2022-03-20,2022-03-31,2022-03-31,2022-12-31,2022-03-31,2022-03-31,2022-12-30,2022-03-15,2,74,74,122,488,1466,6376,44633,0,0,0,0,,2022-08-29 09:01:26.503255 UTC
2022-03-16,2022D75,2022W11,2022M03,2022Q1,16,1,Wednesday,Wed,March,Mar,3,11,1,2022,20,2022-03-14,2022-03-01,2022-01-01,2022-01-01,2022-03-20,2022-03-31,2022-03-31,2022-12-31,2022-03-31,2022-03-31,2022-12-30,2022-03-16,3,75,75,122,488,1466,6376,44634,0,0,0,0,,2022-08-29 09:01:26.503255 UTC
2022-03-17,2022D76,2022W11,2022M03,2022Q1,17,1,Thursday,Thu,March,Mar,3,11,1,2022,20,2022-03-14,2022-03-01,2022-01-01,2022-01-01,2022-03-20,2022-03-31,2022-03-31,2022-12-31,2022-03-31,2022-03-31,2022-12-30,2022-03-17,4,76,76,122,488,1466,6376,44635,0,0,0,0,,2022-08-29 09:01:26.503255 UTC
2022-03-18,2022D77,2022W11,2022M03,2022Q1,18,1,Friday,Fri,March,Mar,3,11,1,2022,20,2022-03-14,2022-03-01,2022-01-01,2022-01-01,2022-03-20,2022-03-31,2022-03-31,2022-12-31,2022-03-31,2022-03-31,2022-12-30,2022-03-18,5,77,77,122,488,1466,6376,44636,1,0,0,0,,2022-08-29 09:01:26.503255 UTC
2022-03-19,2022D78,2022W11,2022M03,2022Q1,19,0,Saturday,Sat,March,Mar,3,11,1,2022,20,2022-03-14,2022-03-01,2022-01-01,2022-01-01,2022-03-20,2022-03-31,2022-03-31,2022-12-31,2022-03-31,2022-03-31,2022-12-30,2022-03-18,6,78,78,122,488,1466,6376,44637,0,0,0,0,,2022-08-29 09:01:26.503255 UTC
2022-03-20,2022D79,2022W11,2022M03,2022Q1,20,0,Sunday,Sun,March,Mar,3,11,1,2022,20,2022-03-14,2022-03-01,2022-01-01,2022-01-01,2022-03-20,2022-03-31,2022-03-31,2022-12-31,2022-03-31,2022-03-31,2022-12-30,2022-03-18,7,79,79,122,488,1466,6376,44638,0,0,0,0,,2022-08-29 09:01:26.503255 UTC
2022-03-21,2022D80,2022W12,2022M03,2022Q1,21,1,Monday,Mon,March,Mar,3,12,1,2022,20,2022-03-21,2022-03-01,2022-01-01,2022-01-01,2022-03-27,2022-03-31,2022-03-31,2022-12-31,2022-03-31,2022-03-31,2022-12-30,2022-03-21,1,80,80,122,488,1466,6377,44639,0,0,0,0,,2022-08-29 09:01:26.503255 UTC
2022-03-22,2022D81,2022W12,2022M03,2022Q1,22,1,Tuesday,Tue,March,Mar,3,12,1,2022,20,2022-03-21,2022-03-01,2022-01-01,2022-01-01,2022-03-27,2022-03-31,2022-03-31,2022-12-31,2022-03-31,2022-03-31,2022-12-30,2022-03-22,2,81,81,122,488,1466,6377,44640,0,0,0,0,,2022-08-29 09:01:26.503255 UTC
2022-03-23,2022D82,2022W12,2022M03,2022Q1,23,1,Wednesday,Wed,March,Mar,3,12,1,2022,20,2022-03-21,2022-03-01,2022-01-01,2022-01-01,2022-03-27,2022-03-31,2022-03-31,2022-12-31,2022-03-31,2022-03-31,2022-12-30,2022-03-23,3,82,82,122,488,1466,6377,44641,0,0,0,0,,2022-08-29 09:01:26.503255 UTC
2022-03-24,2022D83,2022W12,2022M03,2022Q1,24,1,Thursday,Thu,March,Mar,3,12,1,2022,20,2022-03-21,2022-03-01,2022-01-01,2022-01-01,2022-03-27,2022-03-31,2022-03-31,2022-12-31,2022-03-31,2022-03-31,2022-12-30,2022-03-24,4,83,83,122,488,1466,6377,44642,0,0,0,0,,2022-08-29 09:01:26.503255 UTC
2022-03-25,2022D84,2022W12,2022M03,2022Q1,25,1,Friday,Fri,March,Mar,3,12,1,2022,20,2022-03-21,2022-03-01,2022-01-01,2022-01-01,2022-03-27,2022-03-31,2022-03-31,2022-12-31,2022-03-31,2022-03-31,2022-12-30,2022-03-25,5,84,84,122,488,1466,6377,44643,0,0,0,0,,2022-08-29 09:01:26.503255 UTC
2022-03-26,2022D85,2022W12,2022M03,2022Q1,26,0,Saturday,Sat,March,Mar,3,12,1,2022,20,2022-03-21,2022-03-01,2022-01-01,2022-01-01,2022-03-27,2022-03-31,2022-03-31,2022-12-31,2022-03-31,2022-03-31,2022-12-30,2022-03-25,6,85,85,122,488,1466,6377,44644,0,0,0,0,,2022-08-29 09:01:26.503255 UTC
2022-03-27,2022D86,2022W12,2022M03,2022Q1,27,0,Sunday,Sun,March,Mar,3,12,1,2022,20,2022-03-21,2022-03-01,2022-01-01,2022-01-01,2022-03-27,2022-03-31,2022-03-31,2022-12-31,2022-03-31,2022-03-31,2022-12-30,2022-03-25,7,86,86,122,488,1466,6377,44645,0,0,0,0,,2022-08-29 09:01:26.503255 UTC
2022-03-28,2022D87,2022W13,2022M03,2022Q1,28,1,Monday,Mon,March,Mar,3,13,1,2022,20,2022-03-28,2022-03-01,2022-01-01,2022-01-01,2022-04-03,2022-03-31,2022-03-31,2022-12-31,2022-03-31,2022-03-31,2022-12-30,2022-03-28,1,87,87,122,488,1466,6378,44646,0,0,0,0,,2022-08-29 09:01:26.503255 UTC
2022-03-29,2022D88,2022W13,2022M03,2022Q1,29,1,Tuesday,Tue,March,Mar,3,13,1,2022,20,2022-03-28,2022-03-01,2022-01-01,2022-01-01,2022-04-03,2022-03-31,2022-03-31,2022-12-31,2022-03-31,2022-03-31,2022-12-30,2022-03-29,2,88,88,122,488,1466,6378,44647,0,0,0,0,,2022-08-29 09:01:26.503255 UTC
2022-03-30,2022D89,2022W13,2022M03,2022Q1,30,1,Wednesday,Wed,March,Mar,3,13,1,2022,20,2022-03-28,2022-03-01,2022-01-01,2022-01-01,2022-04-03,2022-03-31,2022-03-31,2022-12-31,2022-03-31,2022-03-31,2022-12-30,2022-03-30,3,89,89,122,488,1466,6378,44648,0,0,0,0,,2022-08-29 09:01:26.503255 UTC
2022-03-31,2022D90,2022W13,2022M03,2022Q1,31,1,Thursday,Thu,March,Mar,3,13,1,2022,20,2022-03-28,2022-03-01,2022-01-01,2022-01-01,2022-04-03,2022-03-31,2022-03-31,2022-12-31,2022-03-31,2022-03-31,2022-12-30,2022-03-31,4,90,90,122,488,1466,6378,44649,0,0,0,0,,2022-08-29 09:01:26.503255 UTC
